part_avis,part_suppressions
0.00010112245929821013,0.0
0.005056122964910506,0.009202453987730062
0.010011123470522803,0.018404907975460124
0.0149661239761351,0.03987730061349693
0.019921124481747397,0.06441717791411043
0.024876124987359693,0.07975460122699386
0.02983112549297199,0.08588957055214724
0.034786125998584286,0.09202453987730061
0.03974112650419658,0.09815950920245399
0.04469612700980888,0.1165644171779141
0.049651127515421174,0.12576687116564417
0.05460612802103347,0.15644171779141106
0.05956112852664577,0.1656441717791411
0.06451612903225806,0.18098159509202455
0.06947112953787037,0.19938650306748465
0.07442613004348266,0.2361963190184049
0.07938113054909496,0.24539877300613497
0.08433613105470725,0.26993865030674846
0.08929113156031955,0.2822085889570552
0.09424613206593184,0.29141104294478526
0.09920113257154414,0.3098159509202454
0.10415613307715643,0.3159509202453988
0.10911113358276874,0.3282208588957055
0.11406613408838102,0.34662576687116564
0.11902113459399333,0.35276073619631904
0.12397613509960562,0.36503067484662577
0.1289311356052179,0.3773006134969325
0.13388613611083022,0.3895705521472393
0.1388411366164425,0.3987730061349693
0.1437961371220548,0.401840490797546
0.14875113762766712,0.41411042944785276
0.1537061381332794,0.4171779141104294
0.1586611386388917,0.42024539877300615
0.16361613914450399,0.4263803680981595
0.1685711396501163,0.43558282208588955
0.1735261401557286,0.44171779141104295
0.17848114066134088,0.450920245398773
0.18343614116695317,0.46932515337423314
0.1883911416725655,0.4723926380368098
0.19334614217817778,0.4815950920245399
0.19830114268379007,0.4815950920245399
0.20325614318940236,0.49693251533742333
0.20821114369501467,0.5061349693251533
0.21316614420062696,0.5184049079754601
0.21812114470623925,0.5214723926380368
0.22307614521185154,0.5276073619631901
0.22803114571746386,0.5306748466257669
0.23298614622307615,0.5429447852760736
0.23794114672868844,0.5521472392638037
0.24289614723430072,0.558282208588957
0.24785114773991304,0.5644171779141104
0.25280614824552533,0.5644171779141104
0.25776114875113765,0.5736196319018405
0.2627161492567499,0.5766871165644172
0.2676711497623622,0.5797546012269938
0.27262615026797454,0.5828220858895705
0.2775811507735868,0.588957055214724
0.2825361512791991,0.5950920245398773
0.2874911517848114,0.6073619631901841
0.2924461522904237,0.6226993865030674
0.297401152796036,0.6288343558282209
0.3023561533016483,0.6349693251533742
0.3073111538072606,0.6411042944785276
0.3122661543128729,0.647239263803681
0.3172211548184852,0.6533742331288344
0.3221761553240975,0.6595092024539877
0.32713115582970975,0.6656441717791411
0.33208615633532207,0.6717791411042945
0.3370411568409344,0.6748466257668712
0.34199615734654665,0.6748466257668712
0.34695115785215896,0.6809815950920245
0.3519061583577713,0.6809815950920245
0.35686115886338354,0.6871165644171779
0.36181615936899586,0.6871165644171779
0.3667711598746082,0.6871165644171779
0.37172616038022044,0.6901840490797546
0.37668116088583276,0.6932515337423313
0.381636161391445,0.6993865030674846
0.38659116189705733,0.7024539877300614
0.39154616240266965,0.7147239263803681
0.3965011629082819,0.7208588957055214
0.40145616341389423,0.7269938650306749
0.40641116391950655,0.7392638036809815
0.4113661644251188,0.7423312883435583
0.4163211649307311,0.7515337423312883
0.4212761654363434,0.7515337423312883
0.4262311659419557,0.7515337423312883
0.431186166447568,0.754601226993865
0.4361411669531803,0.754601226993865
0.4410961674587926,0.7576687116564417
0.4460511679644049,0.7668711656441718
0.4510061684700172,0.7760736196319018
0.4559611689756295,0.7760736196319018
0.4609161694812418,0.7760736196319018
0.4658711699868541,0.7822085889570553
0.4708261704924664,0.7852760736196319
0.47578117099807865,0.7914110429447853
0.48073617150369097,0.7975460122699386
0.4856911720093033,0.8006134969325154
0.49064617251491555,0.8006134969325154
0.49560117302052786,0.803680981595092
0.5005561735261401,0.8067484662576687
0.5055111740317525,0.8128834355828221
0.5104661745373648,0.8159509202453987
0.515421175042977,0.8190184049079755
0.5203761755485894,0.8220858895705522
0.5253311760542017,0.8251533742331288
0.5302861765598139,0.8312883435582822
0.5352411770654262,0.8312883435582822
0.5401961775710385,0.8312883435582822
0.5451511780766508,0.8343558282208589
0.5501061785822631,0.8343558282208589
0.5550611790878754,0.8343558282208589
0.5600161795934877,0.8374233128834356
0.5649711800991,0.843558282208589
0.5699261806047123,0.843558282208589
0.5748811811103246,0.8496932515337423
0.5798361816159369,0.8496932515337423
0.5847911821215492,0.8496932515337423
0.5897461826271615,0.852760736196319
0.5947011831327738,0.8588957055214724
0.5996561836383861,0.8588957055214724
0.6046111841439984,0.8588957055214724
0.6095661846496107,0.8619631901840491
0.614521185155223,0.8650306748466258
0.6194761856608353,0.8680981595092024
0.6244311861664475,0.8742331288343558
0.6293861866720598,0.8773006134969326
0.6343411871776722,0.8773006134969326
0.6392961876832844,0.8773006134969326
0.6442511881888967,0.8773006134969326
0.6492061886945091,0.8773006134969326
0.6541611892001213,0.8773006134969326
0.6591161897057336,0.8803680981595092
0.664071190211346,0.8803680981595092
0.6690261907169582,0.8803680981595092
0.6739811912225705,0.8803680981595092
0.6789361917281829,0.8803680981595092
0.6838911922337951,0.8803680981595092
0.6888461927394074,0.8865030674846626
0.6938011932450198,0.8865030674846626
0.698756193750632,0.8865030674846626
0.7037111942562443,0.8895705521472392
0.7086661947618567,0.8895705521472392
0.7136211952674689,0.8895705521472392
0.7185761957730812,0.8895705521472392
0.7235311962786934,0.8926380368098159
0.7284861967843058,0.8957055214723927
0.7334411972899181,0.8987730061349694
0.7383961977955303,0.901840490797546
0.7433511983011427,0.901840490797546
0.748306198806755,0.9079754601226994
0.7532611993123672,0.9079754601226994
0.7582161998179796,0.9079754601226994
0.7631712003235919,0.9079754601226994
0.7681262008292041,0.9079754601226994
0.7730812013348165,0.9079754601226994
0.7780362018404288,0.9141104294478528
0.782991202346041,0.9141104294478528
0.7879462028516534,0.9171779141104295
0.7929012033572657,0.9171779141104295
0.7978562038628779,0.9202453987730062
0.8028112043684903,0.9233128834355828
0.8077662048741026,0.9233128834355828
0.8127212053797148,0.9233128834355828
0.8176762058853271,0.9263803680981595
0.8226312063909395,0.9263803680981595
0.8275862068965517,0.9294478527607362
0.832541207402164,0.9294478527607362
0.8374962079077763,0.9294478527607362
0.8424512084133886,0.9294478527607362
0.8474062089190009,0.9325153374233128
0.8523612094246132,0.9386503067484663
0.8573162099302255,0.941717791411043
0.8622712104358378,0.9447852760736196
0.8672262109414501,0.9447852760736196
0.8721812114470624,0.9447852760736196
0.8771362119526747,0.950920245398773
0.882091212458287,0.9539877300613497
0.8870462129638993,0.9539877300613497
0.8920012134695116,0.9539877300613497
0.8969562139751239,0.9539877300613497
0.9019112144807362,0.9539877300613497
0.9068662149863485,0.9539877300613497
0.9118212154919607,0.9539877300613497
0.9167762159975731,0.9570552147239264
0.9217312165031853,0.9631901840490797
0.9266862170087976,0.9662576687116564
0.93164121751441,0.9693251533742331
0.9365962180200222,0.9693251533742331
0.9415512185256345,0.9693251533742331
0.9465062190312469,0.9693251533742331
0.9514612195368591,0.9723926380368099
0.9564162200424714,0.9723926380368099
0.9613712205480838,0.9754601226993865
0.966326221053696,0.9785276073619632
0.9712812215593083,0.9785276073619632
0.9762362220649207,0.9785276073619632
0.9811912225705329,0.9785276073619632
0.9861462230761452,0.9785276073619632
0.9911012235817576,0.9938650306748467
0.9960562240873698,0.9969325153374233
