population,groupe,n_avis,n_supprimes,n_fiches,note_moyenne,longueur_mediane,part_supprimee_pct,langue_dominante,part_5_etoiles_pct,part_enseignes_pct
tout_le_panel,26,1666,154,419,4.97,221.0,9.24,en,98.1,38.7
tout_le_panel,10,952,85,527,1.4,481.5,8.93,en,2.4,12.8
tout_le_panel,24,1032,86,357,4.98,98.0,8.33,en,98.3,35.6
tout_le_panel,19,599,48,380,4.97,39.0,8.01,en,97.7,18.0
tout_le_panel,1,624,42,433,4.94,19.5,6.73,en,94.2,9.6
tout_le_panel,12,698,42,343,4.93,78.0,6.02,en,95.4,16.9
tout_le_panel,0,814,49,318,4.97,48.0,6.02,en,97.2,27.0
tout_le_panel,13,1080,55,541,4.97,224.0,5.09,en,98.1,1.5
tout_le_panel,29,669,31,227,4.97,22.0,4.63,en,97.6,9.6
tout_le_panel,28,1044,45,700,1.86,332.0,4.31,fr,7.3,0.3
tout_le_panel,18,830,34,557,4.97,91.0,4.1,en,97.1,3.6
tout_le_panel,22,767,29,389,4.98,64.0,3.78,en,98.6,4.8
tout_le_panel,15,583,22,500,2.36,69.0,3.77,en,13.2,3.8
tout_le_panel,21,934,32,346,4.95,218.5,3.43,en,96.1,0.7
tout_le_panel,7,750,24,341,4.86,113.0,3.2,es,90.0,0.3
tout_le_panel,16,571,17,380,4.73,9.0,2.98,en,85.5,7.2
tout_le_panel,25,910,27,427,4.93,140.5,2.97,de,95.3,0.0
tout_le_panel,20,772,22,536,2.25,457.0,2.85,en,5.2,0.1
tout_le_panel,27,1252,33,492,4.93,164.0,2.64,fr,94.6,0.0
tout_le_panel,6,1151,25,488,4.9,193.0,2.17,en,91.1,0.0
tout_le_panel,9,886,19,242,4.96,220.0,2.14,en,97.3,0.0
tout_le_panel,8,693,14,156,4.94,76.0,2.02,en,94.4,0.6
tout_le_panel,3,499,9,187,4.93,278.0,1.8,en,94.2,0.0
tout_le_panel,23,991,17,341,2.59,813.0,1.72,fr,8.8,0.0
tout_le_panel,11,1257,20,558,4.76,225.0,1.59,de,80.4,0.0
tout_le_panel,2,1123,14,650,4.83,41.0,1.25,de,88.0,0.2
tout_le_panel,5,721,8,325,4.79,42.0,1.11,fr,85.0,0.1
tout_le_panel,4,823,9,505,4.78,278.0,1.09,en,81.7,0.0
tout_le_panel,14,578,5,430,4.83,47.0,0.87,en,85.6,0.0
tout_le_panel,17,899,4,268,4.64,304.0,0.44,fr,71.2,0.0
hors_enseignes,6,857,70,497,1.44,493.0,8.17,en,2.8,0.0
hors_enseignes,15,614,34,362,4.97,41.0,5.54,en,97.6,0.0
hors_enseignes,29,470,24,352,4.94,17.0,5.11,en,93.8,0.0
hors_enseignes,2,1091,49,532,4.98,220.0,4.49,en,98.2,0.0
hors_enseignes,24,326,13,232,4.92,27.0,3.99,en,93.6,0.0
hors_enseignes,7,1173,44,572,1.91,525.0,3.75,fr,3.8,0.0
hors_enseignes,0,1979,72,608,4.97,214.0,3.64,en,97.7,0.0
hors_enseignes,22,828,29,567,4.96,90.0,3.5,en,96.7,0.0
hors_enseignes,12,344,12,254,4.73,8.0,3.49,en,83.7,0.0
hors_enseignes,14,797,27,380,4.99,56.0,3.39,en,98.6,0.0
hors_enseignes,18,808,27,426,4.89,130.5,3.34,es,92.8,0.0
hors_enseignes,13,1185,38,411,4.97,80.0,3.21,en,98.0,0.0
hors_enseignes,27,594,19,508,2.19,72.0,3.2,en,11.1,0.0
hors_enseignes,20,752,22,527,2.24,437.5,2.93,en,4.9,0.0
hors_enseignes,21,859,25,391,4.96,157.0,2.91,de,96.3,0.0
hors_enseignes,9,1120,26,483,4.91,195.0,2.32,en,92.0,0.0
hors_enseignes,1,563,13,341,2.39,415.0,2.31,de,10.8,0.0
hors_enseignes,5,948,21,404,4.93,230.0,2.22,fr,94.9,0.0
hors_enseignes,23,912,20,249,4.96,205.0,2.19,en,97.5,0.0
hors_enseignes,10,685,14,141,4.93,76.0,2.04,en,93.9,0.0
hors_enseignes,28,642,13,190,4.97,23.0,2.02,en,97.0,0.0
hors_enseignes,25,779,15,295,4.62,322.0,1.93,de,71.4,0.0
hors_enseignes,8,487,9,179,4.93,265.0,1.85,en,94.3,0.0
hors_enseignes,26,761,13,328,4.85,78.0,1.71,fr,88.3,0.0
hors_enseignes,3,762,11,488,4.73,22.0,1.44,fr,84.3,0.0
hors_enseignes,17,768,10,380,4.8,144.0,1.3,de,84.2,0.0
hors_enseignes,16,795,10,492,4.87,50.0,1.26,it,90.3,0.0
hors_enseignes,19,823,8,506,4.75,290.0,0.97,en,79.7,0.0
hors_enseignes,11,646,6,485,4.82,51.5,0.93,en,85.8,0.0
hors_enseignes,4,930,4,242,4.38,369.5,0.43,fr,59.4,0.0
5_etoiles_anglais_hors_enseignes,2,503,27,353,5.0,40.0,5.37,en,100.0,0.0
5_etoiles_anglais_hors_enseignes,1,892,44,456,5.0,241.5,4.93,en,100.0,0.0
5_etoiles_anglais_hors_enseignes,3,739,35,277,5.0,232.0,4.74,en,100.0,0.0
5_etoiles_anglais_hors_enseignes,10,488,21,210,5.0,67.0,4.3,en,100.0,0.0
5_etoiles_anglais_hors_enseignes,15,582,25,288,5.0,79.0,4.3,en,100.0,0.0
5_etoiles_anglais_hors_enseignes,6,447,18,316,5.0,23.0,4.03,en,100.0,0.0
5_etoiles_anglais_hors_enseignes,11,506,19,232,5.0,78.0,3.75,en,100.0,0.0
5_etoiles_anglais_hors_enseignes,16,706,26,480,5.0,97.0,3.68,en,100.0,0.0
5_etoiles_anglais_hors_enseignes,8,741,25,282,5.0,228.0,3.37,en,100.0,0.0
5_etoiles_anglais_hors_enseignes,17,505,16,129,5.0,73.0,3.17,en,100.0,0.0
5_etoiles_anglais_hors_enseignes,7,352,11,256,5.0,11.0,3.12,en,100.0,0.0
5_etoiles_anglais_hors_enseignes,12,599,15,196,5.0,151.0,2.5,en,100.0,0.0
5_etoiles_anglais_hors_enseignes,13,1017,24,433,5.0,197.0,2.36,en,100.0,0.0
5_etoiles_anglais_hors_enseignes,18,481,11,220,5.0,82.0,2.29,en,100.0,0.0
5_etoiles_anglais_hors_enseignes,5,416,9,138,5.0,275.5,2.16,en,100.0,0.0
5_etoiles_anglais_hors_enseignes,19,753,16,207,5.0,221.0,2.12,en,100.0,0.0
5_etoiles_anglais_hors_enseignes,4,503,10,166,5.0,21.0,1.99,en,100.0,0.0
5_etoiles_anglais_hors_enseignes,9,563,10,227,5.0,42.0,1.78,en,100.0,0.0
5_etoiles_anglais_hors_enseignes,14,556,6,426,5.0,50.5,1.08,en,100.0,0.0
5_etoiles_anglais_hors_enseignes,0,693,5,435,5.0,292.0,0.72,en,100.0,0.0
1_etoile_anglais_hors_enseignes,0,16,4,13,1.0,131.0,25.0,en,0.0,0.0
1_etoile_anglais_hors_enseignes,11,75,14,37,1.0,342.0,18.67,en,0.0,0.0
1_etoile_anglais_hors_enseignes,14,102,16,55,1.0,869.0,15.69,en,0.0,0.0
1_etoile_anglais_hors_enseignes,17,54,8,48,1.0,354.0,14.81,en,0.0,0.0
1_etoile_anglais_hors_enseignes,12,24,3,24,1.0,14.5,12.5,en,0.0,0.0
1_etoile_anglais_hors_enseignes,5,95,10,59,1.0,804.0,10.53,en,0.0,0.0
1_etoile_anglais_hors_enseignes,8,39,4,36,1.0,43.0,10.26,en,0.0,0.0
1_etoile_anglais_hors_enseignes,1,53,5,43,1.0,507.0,9.43,en,0.0,0.0
1_etoile_anglais_hors_enseignes,10,41,3,40,1.0,66.0,7.32,en,0.0,0.0
1_etoile_anglais_hors_enseignes,2,93,6,87,1.0,311.0,6.45,en,0.0,0.0
1_etoile_anglais_hors_enseignes,18,62,4,50,1.0,461.5,6.45,en,0.0,0.0
1_etoile_anglais_hors_enseignes,4,39,2,38,1.0,185.0,5.13,en,0.0,0.0
1_etoile_anglais_hors_enseignes,9,40,2,38,1.0,172.0,5.0,en,0.0,0.0
1_etoile_anglais_hors_enseignes,15,31,1,30,1.0,294.0,3.23,en,0.0,0.0
1_etoile_anglais_hors_enseignes,3,95,3,79,1.0,402.0,3.16,en,0.0,0.0
1_etoile_anglais_hors_enseignes,13,43,1,35,1.0,604.0,2.33,en,0.0,0.0
1_etoile_anglais_hors_enseignes,19,54,1,49,1.0,620.0,1.85,en,0.0,0.0
1_etoile_anglais_hors_enseignes,6,54,1,39,1.0,146.0,1.85,en,0.0,0.0
1_etoile_anglais_hors_enseignes,7,66,1,62,1.0,1580.5,1.52,en,0.0,0.0
1_etoile_anglais_hors_enseignes,16,38,0,33,1.0,101.5,0.0,en,0.0,0.0
