var1,var2,gain_interaction
secteur_home_services,star,1512.2407352
age_a_la_vague1_j,secteur_home_services,1279.43492
secteur_home_services,taille_small,969.222606
age_a_la_vague1_j,region_US,924.9439138
log_ratio_pic_journalier_fiche,region_US,759.9475771
region_US,secteur_food_beverage,661.1416757
age_a_la_vague1_j,reviewer_review_count,546.9358052599999
age_a_la_vague1_j,star,479.44721549999997
reviewer_review_count,star,431.6393104
age_a_la_vague1_j,log_ratio_pic_journalier_fiche,380.7252597
log_ratio_pic_journalier_fiche,secteur_food_beverage,377.8099313
age_a_la_vague1_j,secteur_food_beverage,361.2661687
reponse_avant_surveillance,secteur_healthcare,343.902153
age_a_la_vague1_j,taille_small,343.09128484
log_ratio_pic_journalier_fiche,texte_longueur_moy_mot,303.89359137
reviewer_review_count,secteur_food_beverage,293.06302700000003
log_ratio_pic_journalier_fiche,texte_chars,286.81492062
log_ratio_pic_journalier_fiche,reviewer_review_count,283.66381782999997
secteur_home_services,secteur_wellness_fitness,280.0216117
region_US,reviewer_review_count,278.782537
profil_guide_etabli,star,268.5605785
log_ratio_pic_journalier_fiche,star,266.9993541
log_ratio_pic_journalier_fiche,texte_part_majuscules,263.38225656
reponse_avant_surveillance,reviewer_review_count,253.8181611
log_ratio_pic_journalier_fiche,taille_mono,240.92094717
profil_guide_etabli,profil_niveau_sans_avis_declare,231.5701056
star,texte_part_majuscules,224.9553296
region_US,secteur_home_services,212.3023276
log_ratio_pic_journalier_fiche,secteur_healthcare,208.766175
log_ratio_pic_journalier_fiche,taille_small,205.8267729
star,taille_mono,185.5039433
reponse_avant_surveillance,secteur_home_services,173.3402343
log_ratio_pic_journalier_fiche,texte_mots,162.13903557999998
profil_niveau_sans_avis_declare,reviewer_review_count,156.0671907
secteur_food_beverage,star,150.993684
texte_longueur_moy_mot,texte_part_majuscules,149.05652865
region_US,secteur_wellness_fitness,144.684497
reviewer_review_count,texte_part_majuscules,143.56921614
reviewer_review_count,secteur_healthcare,139.5135993
secteur_home_services,texte_chars,130.0308182
profil_guide_etabli,texte_chars,128.36717
age_a_la_vague1_j,taille_mono,128.2834246
log_ratio_pic_journalier_fiche,secteur_wellness_fitness,127.61769760000001
reponse_avant_surveillance,star,126.47491600000001
reviewer_review_count,texte_mots,126.36941703
age_a_la_vague1_j,secteur_wellness_fitness,125.4570768
age_a_la_vague1_j,texte_longueur_moy_mot,125.43464258
region_US,star,124.32885540000001
reviewer_review_count,taille_small,123.6383494
secteur_home_services,taille_mono,122.7338383
reviewer_review_count,secteur_home_services,122.4998636
mot_food,region_US,113.9540626
age_a_la_vague1_j,mot_excellent,111.67264399999999
log_ratio_pic_journalier_fiche,reponse_avant_surveillance,111.1357676
texte_mots,texte_part_majuscules,108.64137385
reponse_avant_surveillance,taille_small,107.0516256
secteur_home_services,texte_part_majuscules,103.654589
region_US,texte_chars,102.82206260000001
age_a_la_vague1_j,mot_professional,96.822739
secteur_wellness_fitness,texte_longueur_moy_mot,94.73370419999999
reviewer_review_count,texte_longueur_moy_mot,94.47909013
age_a_la_vague1_j,texte_chars,93.8272801
reviewer_review_count,texte_chars,90.06145077000001
age_a_la_vague1_j,mot_staff,89.4003015
profil_guide_etabli,secteur_healthcare,88.7463904
log_ratio_pic_journalier_fiche,mot_et,84.53590131
texte_chars,texte_mots,84.37960026
mot_nice,reviewer_review_count,83.7799825
profil_guide_etabli,taille_mono,82.2497574
secteur_healthcare,texte_part_majuscules,80.81680985
texte_longueur_moy_mot,texte_mots,77.8806237
age_a_la_vague1_j,texte_part_majuscules,77.85112426
texte_chars,texte_part_majuscules,76.95366781999999
taille_small,texte_longueur_moy_mot,76.7220883
log_ratio_pic_journalier_fiche,mot_recommend,75.753889
log_ratio_pic_journalier_fiche,secteur_travel,75.5586014
n_avis_meme_jour_auteur,reviewer_review_count,74.2046395
log_ratio_pic_journalier_fiche,mot_hotel,73.9560871
mot_staff,reviewer_review_count,73.72020494
mot_thank,texte_longueur_moy_mot,73.5552015
secteur_home_services,texte_mots,72.600002
log_ratio_pic_journalier_fiche,secteur_home_services,72.49207609999999
reponse_avant_surveillance,texte_part_majuscules,71.72920065
log_ratio_pic_journalier_fiche,n_avis_meme_jour_auteur,70.4659583
age_a_la_vague1_j,n_avis_meme_jour_auteur,69.231986
reviewer_review_count,secteur_travel,67.0257423
age_a_la_vague1_j,texte_mots,66.02220136
log_ratio_pic_journalier_fiche,secteur_hospitality,65.7066643
secteur_healthcare,star,65.1164485
taille_mono,texte_longueur_moy_mot,64.3803392
taille_mono,texte_chars,60.4605902
texte_chars,texte_longueur_moy_mot,60.18360619
region_US,texte_longueur_moy_mot,59.1964457
reviewer_review_count,secteur_wellness_fitness,58.8340075
mot_des,texte_chars,56.656773
taille_small,texte_mots,55.39315665
mot_helpful,reviewer_review_count,53.4286165
log_ratio_pic_journalier_fiche,mot_good,52.3409499
mot_nice,texte_longueur_moy_mot,52.225174
mot_care,reviewer_review_count,50.6672056
secteur_food_beverage,secteur_home_services,49.465515
etoiles_4,reviewer_review_count,48.006802
mot_service,texte_longueur_moy_mot,47.9202112
age_a_la_vague1_j,mot_good,47.1119427
mot_et,texte_chars,47.0933124
log_ratio_pic_journalier_fiche,mot_trs,46.7423181
mot_helpful,texte_part_majuscules,45.4795321
age_a_la_vague1_j,mot_definitely,45.08215786
secteur_travel,texte_mots,44.8635776
log_ratio_pic_journalier_fiche,mot_really,44.7049306
reponse_avant_surveillance,secteur_food_beverage,44.6828
etoiles_4,texte_part_majuscules,44.6438597
mot_good,texte_longueur_moy_mot,43.328269399999996
mot_nice,texte_mots,43.301505
log_ratio_pic_journalier_fiche,mot_great,43.0931232
region_US,secteur_healthcare,42.380653
reviewer_review_count,texte_pts_exclamation,41.5728767
mot_highly,reviewer_review_count,41.4030774
log_ratio_pic_journalier_fiche,mot_service,40.01611496
log_ratio_pic_journalier_fiche,mot_just,39.8945951
reponse_avant_surveillance,texte_longueur_moy_mot,39.46445693
age_a_la_vague1_j,mot_work,38.7563583
log_ratio_pic_journalier_fiche,mot_nice,37.974527
etoiles_4,log_ratio_pic_journalier_fiche,37.378989
mot_est,mot_et,36.9672032
mot_amazing,texte_longueur_moy_mot,36.790014
log_ratio_pic_journalier_fiche,mot_like,36.7538541
mot_nice,secteur_food_beverage,36.602351
taille_small,texte_part_majuscules,36.5619122
mot_et,texte_longueur_moy_mot,36.5519806
mot_great,region_US,35.6521883
mot_car,reponse_avant_surveillance,35.41539
mot_professional,texte_part_majuscules,35.3796487
taille_mono,texte_part_majuscules,34.62821816
region_US,reponse_avant_surveillance,34.52277
log_ratio_pic_journalier_fiche,mot_food,33.750056
mot_es,texte_mots,33.5332884
region_US,taille_mono,32.431893
log_ratio_pic_journalier_fiche,mot_experience,32.3427967
profil_guide_etabli,reviewer_review_count,32.110485000000004
mot_good,texte_chars,31.859807
secteur_travel,star,31.527201599999998
star,texte_longueur_moy_mot,31.404013000000003
etoiles_4,n_avis_meme_jour_auteur,30.5601414
texte_part_majuscules,texte_pts_exclamation,30.534555740000002
region_US,texte_part_majuscules,30.4777962
secteur_wellness_fitness,star,30.4589721
mot_great,texte_longueur_moy_mot,30.4000112
mot_es,secteur_wellness_fitness,30.2660579
texte_mots,texte_presence_emoji,30.253960999999997
secteur_wellness_fitness,texte_presence_emoji,30.105676000000003
n_avis_meme_jour_auteur,star,29.9883974
mot_staff,reponse_avant_surveillance,29.942740999999998
age_a_la_vague1_j,mot_trs,29.8359219
log_ratio_pic_journalier_fiche,mot_helpful,29.56908927
texte_longueur_moy_mot,texte_pts_exclamation,29.384278300000002
reponse_avant_surveillance,texte_mots,29.288611799999998
age_a_la_vague1_j,mot_just,29.2704402
mot_es,reviewer_review_count,29.2684702
mot_des,mot_et,29.2125713
mot_thank,taille_mono,29.173045700000003
mot_est,reponse_avant_surveillance,28.795233
mot_good,mot_professional,28.632824
mot_just,texte_part_majuscules,28.4111601
mot_das,texte_longueur_moy_mot,28.250792399999998
age_a_la_vague1_j,secteur_healthcare,28.1594685
taille_mono,texte_mots,28.0440565
log_ratio_pic_journalier_fiche,mot_thank,27.9625289
mot_work,reviewer_review_count,27.9353015
mot_great,texte_part_majuscules,27.87358189
region_US,texte_mots,27.830370000000002
secteur_healthcare,taille_small,27.766924500000002
n_avis_meme_jour_auteur,texte_part_majuscules,27.736566699999997
texte_court_generique,texte_part_majuscules,27.5378697
age_a_la_vague1_j,mot_helpful,27.4605955
profil_guide_etabli,secteur_home_services,27.4014984
mot_pour,texte_longueur_moy_mot,27.2163411
has_photo,taille_small,26.896034
mot_car,texte_chars,26.7265336
mot_et,texte_mots,26.441167999999998
secteur_hospitality,taille_small,26.1214776
mot_que,star,25.84904774
taille_small,texte_chars,25.4494328
age_a_la_vague1_j,mot_food,25.1932032
mot_care,star,25.062849
mot_helpful,texte_longueur_moy_mot,24.9207892
mot_et,region_US,24.9146867
secteur_home_services,texte_longueur_moy_mot,24.787941099999998
age_a_la_vague1_j,mot_knowledgeable,24.7856285
mot_great,texte_mots,24.6046516
mot_really,reviewer_review_count,24.5084692
star,texte_mots,24.400192699999998
mot_recommend,texte_part_majuscules,24.3716152
mot_des,texte_mots,24.3018623
age_a_la_vague1_j,mot_highly,24.156616999999997
reviewer_review_count,taille_mono,24.148557
log_ratio_pic_journalier_fiche,mot_highly,24.1466595
star,texte_chars,24.122525
mot_helpful,n_avis_meme_jour_auteur,24.0213107
mot_really,secteur_food_beverage,23.8871113
mot_excellent,reviewer_review_count,23.740209800000002
mot_helpful,mot_staff,23.5152211
age_a_la_vague1_j,mot_nice,23.27691
mot_et,reponse_avant_surveillance,23.071134
log_ratio_pic_journalier_fiche,mot_je,23.0505328
mot_car,texte_longueur_moy_mot,23.0471452
mot_est,region_US,23.0375547
age_a_la_vague1_j,mot_amazing,22.9167091
age_a_la_vague1_j,mot_est,22.764295
mot_food,texte_longueur_moy_mot,22.7496139
log_ratio_pic_journalier_fiche,texte_pts_exclamation,22.7068757
mot_staff,secteur_home_services,22.534225
age_a_la_vague1_j,mot_job,22.3690565
mot_professional,taille_mono,22.2422021
secteur_food_beverage,texte_mots,22.2201414
log_ratio_pic_journalier_fiche,mot_friendly,22.0153938
mot_excellent,mot_good,21.8499834
log_ratio_pic_journalier_fiche,mot_place,21.7669082
mot_amazing,texte_chars,21.7050533
age_a_la_vague1_j,mot_et,21.6544706
mot_amazing,taille_mono,21.5323514
log_ratio_pic_journalier_fiche,mot_best,21.4931827
log_ratio_pic_journalier_fiche,texte_court_generique,21.3557162
mot_et,star,21.1996027
log_ratio_pic_journalier_fiche,mot_pour,21.1937367
mot_thank,reviewer_review_count,20.9746403
secteur_travel,secteur_wellness_fitness,20.8904256
mot_sehr,reviewer_review_count,20.847703199999998
secteur_hospitality,texte_part_majuscules,20.6321719
age_a_la_vague1_j,mot_experience,20.627093199999997
log_ratio_pic_journalier_fiche,mot_die,20.6159436
age_a_la_vague1_j,reponse_avant_surveillance,20.363439
mot_knowledgeable,reviewer_review_count,20.2718334
mot_friendly,texte_part_majuscules,20.2242232
mot_que,texte_mots,20.1530456
mot_time,reviewer_review_count,20.14839963
mot_time,star,20.0233956
log_ratio_pic_journalier_fiche,mot_excellent,19.8382406
age_a_la_vague1_j,mot_thank,19.6658441
mot_excellent,texte_chars,19.6299108
mot_time,texte_longueur_moy_mot,19.6228443
mot_nice,secteur_hospitality,19.505432499999998
region_US,texte_pts_exclamation,19.4996535
mot_die,texte_chars,19.086289
mot_und,secteur_wellness_fitness,18.986336
texte_longueur_moy_mot,texte_presence_emoji,18.952755
mot_helpful,mot_nice,18.9015583
age_a_la_vague1_j,texte_pts_exclamation,18.8337507
has_photo,star,18.8201864
mot_staff,texte_longueur_moy_mot,18.79492505
has_photo,texte_chars,18.7090851
mot_hotel,reviewer_review_count,18.596816099999998
mot_et,mot_que,18.593128999999998
mot_time,texte_part_majuscules,18.541810299999998
mot_thank,texte_part_majuscules,18.5148252
mot_das,mot_die,18.5012942
age_a_la_vague1_j,mot_like,18.2637347
mot_nice,texte_part_majuscules,18.232669700000002
mot_time,secteur_healthcare,18.1093
mot_really,texte_part_majuscules,18.0562969
reviewer_review_count,texte_presence_emoji,17.802593899999998
age_a_la_vague1_j,mot_pour,17.183826160000002
mot_amazing,star,16.8781695
log_ratio_pic_journalier_fiche,mot_did,16.8444199
mot_definitely,mot_thank,16.7698444
mot_et,secteur_wellness_fitness,16.7663731
mot_la,taille_mono,16.7362915
mot_like,reponse_avant_surveillance,16.634197
mot_staff,texte_chars,16.5820994
mot_friendly,texte_mots,16.434906
mot_like,reviewer_review_count,16.422426
mot_hotel,texte_longueur_moy_mot,16.370395
mot_great,mot_recommend,16.347589
mot_staff,star,16.302160999999998
mot_friendly,reviewer_review_count,16.2470504
langue_minoritaire_sur_la_fiche,star,16.138497
mot_service,secteur_wellness_fitness,16.1057846
mot_das,texte_pts_exclamation,16.030892
mot_good,texte_mots,15.999918000000001
mot_did,mot_friendly,15.9969687
mot_time,texte_mots,15.8918636
mot_experience,texte_chars,15.571241400000002
mot_des,secteur_wellness_fitness,15.563942999999998
age_a_la_vague1_j,has_photo,15.462123
age_a_la_vague1_j,mot_did,15.4000645
mot_definitely,mot_great,15.312501000000001
mot_car,texte_mots,15.235959000000001
age_a_la_vague1_j,mot_und,15.1985864
mot_et,n_avis_meme_jour_auteur,15.1603654
mot_friendly,mot_great,15.105659
mot_service,texte_chars,14.99484765
secteur_wellness_fitness,texte_mots,14.97752693
mot_food,texte_mots,14.947601899999999
log_ratio_pic_journalier_fiche,mot_care,14.8866461
age_a_la_vague1_j,mot_friendly,14.879403
mot_et,secteur_hospitality,14.8674775
mot_amazing,mot_highly,14.853701000000001
log_ratio_pic_journalier_fiche,mot_des,14.8298036
secteur_travel,texte_part_majuscules,14.6303625
mot_est,reviewer_review_count,14.5712848
mot_der,texte_part_majuscules,14.5257839
mot_time,n_avis_meme_jour_auteur,14.5147915
age_a_la_vague1_j,texte_discordance_ton_note,14.469858
mot_highly,texte_chars,14.3936777
mot_food,texte_part_majuscules,14.374356500000001
mot_just,secteur_food_beverage,14.3041276
mot_great,texte_chars,14.2939431
n_avis_meme_jour_auteur,texte_mots,14.2848566
mot_car,taille_small,14.2535533
log_ratio_pic_journalier_fiche,mot_les,14.251614400000001
langue_minoritaire_sur_la_fiche,taille_mono,14.2172317
mot_des,secteur_home_services,14.167569
n_avis_meme_jour_auteur,secteur_home_services,14.157897
etoiles_4,texte_mots,14.014299399999999
mot_thank,secteur_travel,14.002768
mot_und,star,13.87646
mot_amazing,texte_pts_exclamation,13.869789999999998
log_ratio_pic_journalier_fiche,mot_work,13.854813
mot_definitely,texte_chars,13.7975621
secteur_healthcare,texte_longueur_moy_mot,13.7747389
mot_care,reponse_avant_surveillance,13.7234947
profil_guide_etabli,texte_part_majuscules,13.720457699999999
mot_work,region_US,13.7180635
texte_part_majuscules,texte_presence_emoji,13.7043544
mot_food,taille_mono,13.697028
mot_que,reviewer_review_count,13.6714587
mot_excellent,texte_part_majuscules,13.6479726
mot_est,mot_je,13.6121315
mot_car,texte_part_majuscules,13.6054953
secteur_healthcare,taille_mono,13.561284
mot_recommend,texte_chars,13.5202168
mot_super,secteur_wellness_fitness,13.3960285
mot_nice,star,13.2131723
mot_est,mot_que,13.205618600000001
mot_amazing,mot_nice,13.1758591
mot_est,taille_small,13.1727627
mot_knowledgeable,texte_pts_exclamation,13.064315099999998
mot_food,secteur_food_beverage,13.0154078
mot_like,texte_chars,12.865573600000001
mot_die,star,12.846947
etoiles_4,mot_est,12.832643000000001
mot_thank,texte_mots,12.8283788
mot_like,texte_part_majuscules,12.8037424
mot_like,star,12.7457509
mot_en,mot_et,12.7379347
mot_really,texte_chars,12.6768617
mot_service,texte_part_majuscules,12.6613
mot_day,taille_small,12.61724
log_ratio_pic_journalier_fiche,mot_professional,12.613564400000001
mot_service,reviewer_review_count,12.6121927
mot_et,mot_le,12.5343947
mot_je,star,12.4019824
mot_recommend,secteur_home_services,12.254466
log_ratio_pic_journalier_fiche,mot_day,12.2293914
mot_really,texte_pts_exclamation,12.089838
etoiles_4,mot_la,12.0733798
mot_des,mot_professional,12.0442867
mot_good,reviewer_review_count,12.0415987
star,taille_small,12.0251147
etoiles_5,mot_car,11.95835
mot_job,texte_mots,11.8514939
mot_nice,texte_chars,11.786365
log_ratio_pic_journalier_fiche,mot_amazing,11.7785835
etoiles_2,log_ratio_pic_journalier_fiche,11.7153396
mot_clean,texte_part_majuscules,11.5925798
log_ratio_pic_journalier_fiche,mot_time,11.4803315
mot_knowledgeable,texte_longueur_moy_mot,11.4659593
mot_experience,texte_mots,11.4523182
secteur_wellness_fitness,texte_pts_exclamation,11.408439
mot_je,texte_mots,11.375618
secteur_wellness_fitness,taille_small,11.355325
mot_got,reponse_avant_surveillance,11.3467466
mot_est,secteur_home_services,11.315178
mot_highly,mot_thank,11.3010225
age_a_la_vague1_j,mot_super,11.2228861
mot_helpful,mot_knowledgeable,11.089571900000001
mot_great,secteur_home_services,11.062651599999999
mot_et,texte_part_majuscules,11.050037
mot_helpful,mot_thank,10.9620552
has_photo,texte_pts_exclamation,10.942696
profil_guide_etabli,secteur_hospitality,10.922561
mot_amazing,mot_thank,10.8721024
mot_knowledgeable,mot_thank,10.81997
mot_la,reviewer_review_count,10.76749183
secteur_food_beverage,texte_part_majuscules,10.747155
mot_super,texte_part_majuscules,10.7310608
mot_did,texte_part_majuscules,10.7186537
mot_did,texte_longueur_moy_mot,10.648060599999999
mot_die,secteur_wellness_fitness,10.6416535
mot_les,texte_longueur_moy_mot,10.6237554
mot_excellent,texte_mots,10.602888
mot_car,secteur_home_services,10.595699
mot_recommend,texte_pts_exclamation,10.492125
mot_est,mot_trs,10.4469981
mot_highly,texte_part_majuscules,10.416059
mot_amazing,mot_experience,10.3908417
mot_professional,secteur_wellness_fitness,10.382501
mot_just,texte_pts_exclamation,10.320544
etoiles_4,mot_helpful,10.3165011
mot_die,mot_que,10.299681
mot_die,texte_longueur_moy_mot,10.284827
etoiles_5,secteur_hospitality,10.266577
age_a_la_vague1_j,mot_time,10.205674
profil_guide_etabli,reponse_avant_surveillance,10.16124
n_avis_meme_jour_auteur,reponse_avant_surveillance,10.145899
age_a_la_vague1_j,mot_recommend,10.1242978
mot_experience,reponse_avant_surveillance,10.088813
mot_got,reviewer_review_count,10.033508
mot_je,reviewer_review_count,10.024911
mot_est,texte_part_majuscules,10.017642
secteur_food_beverage,taille_mono,9.992824
mot_amazing,mot_great,9.952515499999999
mot_just,secteur_wellness_fitness,9.80481
mot_es,mot_time,9.7839344
mot_la,star,9.7691774
mot_car,reviewer_review_count,9.747217
mot_professional,texte_longueur_moy_mot,9.733561600000002
etoiles_5,log_ratio_pic_journalier_fiche,9.721857
mot_et,mot_job,9.638136
log_ratio_pic_journalier_fiche,mot_got,9.5957364
mot_es,mot_et,9.5481279
reviewer_review_count,texte_discordance_ton_note,9.545245399999999
mot_pour,secteur_wellness_fitness,9.519766
mot_professional,texte_mots,9.4944019
mot_est,texte_chars,9.4436863
age_a_la_vague1_j,mot_en,9.4390031
mot_helpful,mot_professional,9.418393
mot_great,mot_thank,9.406992500000001
mot_time,secteur_home_services,9.392866999999999
mot_car,secteur_healthcare,9.362094
mot_highly,secteur_home_services,9.355911
mot_und,texte_pts_exclamation,9.274405
mot_just,mot_service,9.1978665
mot_day,texte_chars,9.1865449
mot_la,region_US,9.171421
log_ratio_pic_journalier_fiche,mot_job,9.1663041
mot_recommend,reviewer_review_count,9.144822099999999
mot_das,mot_est,9.142283599999999
mot_experience,texte_longueur_moy_mot,9.1283255
log_ratio_pic_journalier_fiche,mot_super,9.1256254
mot_est,mot_like,9.103505
texte_discordance_ton_note,texte_longueur_moy_mot,9.091303700000001
log_ratio_pic_journalier_fiche,texte_presence_emoji,9.070017
log_ratio_pic_journalier_fiche,mot_car,9.055048
mot_really,mot_time,9.049962
mot_friendly,mot_helpful,9.008668
mot_experience,reviewer_review_count,9.0039754
mot_time,texte_chars,8.9830675
mot_did,mot_time,8.982426
mot_helpful,secteur_home_services,8.977692
mot_helpful,texte_chars,8.9302367
mot_experience,star,8.913917999999999
age_a_la_vague1_j,mot_great,8.91384333
mot_care,texte_mots,8.8971072
mot_helpful,secteur_food_beverage,8.735455
reviewer_review_count,secteur_hospitality,8.721178
mot_like,mot_place,8.6588078
mot_just,texte_longueur_moy_mot,8.5363483
mot_highly,texte_longueur_moy_mot,8.51198632
mot_definitely,mot_did,8.487831100000001
age_a_la_vague1_j,mot_je,8.476904600000001
age_a_la_vague1_j,mot_es,8.464344
etoiles_4,texte_longueur_moy_mot,8.461356799999999
mot_did,star,8.459198
mot_excellent,star,8.4480142
mot_que,texte_chars,8.440565
reponse_avant_surveillance,texte_presence_emoji,8.386759
mot_experience,texte_part_majuscules,8.372899
mot_great,secteur_food_beverage,8.342155
mot_definitely,texte_mots,8.296369
reponse_avant_surveillance,taille_mono,8.288435
mot_nice,mot_professional,8.2630537
mot_das,texte_part_majuscules,8.2142624
mot_et,mot_trs,8.2026321
mot_just,mot_thank,8.163479
mot_en,texte_mots,8.1256146
mot_friendly,secteur_travel,8.100253
mot_les,texte_part_majuscules,8.0937187
mot_et,mot_les,8.0927655
mot_des,mot_les,8.06052
mot_recommend,secteur_wellness_fitness,8.0599718
mot_en,star,7.982722
secteur_travel,texte_longueur_moy_mot,7.9394293
mot_car,mot_good,7.937853
mot_die,reviewer_review_count,7.9323149
mot_experience,secteur_home_services,7.925891
mot_really,texte_longueur_moy_mot,7.891726
mot_work,texte_chars,7.8768325
mot_great,profil_guide_etabli,7.8729067
mot_das,mot_der,7.83854
mot_hotel,secteur_healthcare,7.8344364
mot_service,mot_staff,7.8146687
mot_amazing,taille_small,7.7894154
etoiles_5,mot_staff,7.7837667
mot_food,secteur_healthcare,7.7567472
age_a_la_vague1_j,mot_care,7.7565928
log_ratio_pic_journalier_fiche,mot_es,7.6619961
etoiles_4,secteur_healthcare,7.602603
has_photo,texte_mots,7.59649063
etoiles_2,reviewer_review_count,7.5091934
has_photo,log_ratio_pic_journalier_fiche,7.47496162
mot_did,mot_work,7.462267
mot_que,taille_mono,7.461052
mot_best,secteur_travel,7.4426947000000006
mot_hotel,secteur_food_beverage,7.3575706
mot_great,mot_service,7.3535013
age_a_la_vague1_j,mot_car,7.3510513
mot_good,mot_recommend,7.3234935
mot_time,profil_guide_etabli,7.295642
mot_recommend,texte_mots,7.2526636
mot_care,mot_staff,7.2467833
mot_service,secteur_travel,7.232192
mot_great,mot_place,7.1845040000000004
mot_good,taille_mono,7.1819253
mot_great,mot_job,7.1492085
mot_des,mot_trs,7.1279623999999995
mot_did,mot_staff,7.1195597
mot_des,texte_longueur_moy_mot,7.1194983
secteur_healthcare,secteur_home_services,7.0888515
mot_friendly,mot_service,7.0829640000000005
mot_good,star,7.0704122
mot_friendly,texte_longueur_moy_mot,7.0567274
mot_amazing,mot_das,7.0010157
mot_food,mot_just,6.9954176
mot_amazing,reponse_avant_surveillance,6.9856453
mot_great,secteur_healthcare,6.9824004
mot_est,mot_le,6.9771256
etoiles_5,secteur_travel,6.97384
mot_great,n_avis_meme_jour_auteur,6.9642067
mot_je,n_avis_meme_jour_auteur,6.961826
mot_care,texte_part_majuscules,6.9291725
mot_et,secteur_travel,6.92681
taille_small,texte_presence_emoji,6.9035435
mot_amazing,mot_time,6.8086905
log_ratio_pic_journalier_fiche,profil_guide_etabli,6.7799525
etoiles_4,profil_niveau_sans_avis_declare,6.7477608
mot_que,texte_part_majuscules,6.7470619
mot_work,texte_part_majuscules,6.7445574
mot_die,mot_et,6.7419353
mot_friendly,reponse_avant_surveillance,6.732764
mot_job,secteur_healthcare,6.717158
mot_hotel,texte_mots,6.7160402
mot_really,mot_recommend,6.6607275
mot_job,reviewer_review_count,6.630553
etoiles_4,mot_hotel,6.623961
mot_food,mot_great,6.6161423
age_a_la_vague1_j,mot_que,6.5910296
secteur_home_services,secteur_travel,6.584979
mot_des,mot_super,6.5727797
mot_je,texte_pts_exclamation,6.568348
secteur_hospitality,texte_pts_exclamation,6.5465803
mot_highly,taille_mono,6.5464587
log_ratio_pic_journalier_fiche,mot_staff,6.5451979
has_photo,mot_time,6.537154
mot_like,secteur_wellness_fitness,6.5324933000000005
mot_knowledgeable,mot_professional,6.5321131
mot_es,taille_small,6.5242376
etoiles_5,texte_part_majuscules,6.5239115
mot_staff,texte_part_majuscules,6.517090400000001
mot_really,mot_und,6.505
mot_est,mot_nice,6.4981837
mot_helpful,mot_job,6.4881141
mot_service,mot_thank,6.484475
mot_super,reponse_avant_surveillance,6.4737706
mot_professional,n_avis_meme_jour_auteur,6.4710264
secteur_healthcare,secteur_hospitality,6.4648137
mot_got,texte_part_majuscules,6.449848
mot_car,mot_professional,6.44815
mot_en,taille_small,6.4442263
mot_work,taille_mono,6.4248953
mot_professional,texte_discordance_ton_note,6.4163218
mot_great,reviewer_review_count,6.40889023
mot_des,mot_good,6.4078813
mot_day,mot_des,6.3647328
mot_good,mot_knowledgeable,6.356411
n_avis_meme_jour_auteur,texte_longueur_moy_mot,6.344707
etoiles_4,taille_mono,6.333516
mot_das,mot_professional,6.32423
mot_friendly,region_US,6.314376
mot_just,texte_mots,6.2922645
mot_time,texte_pts_exclamation,6.2841167
mot_friendly,mot_super,6.279797
mot_car,mot_et,6.277946
log_ratio_pic_journalier_fiche,mot_le,6.265434
mot_recommend,texte_longueur_moy_mot,6.228002099999999
log_ratio_pic_journalier_fiche,texte_pts_interrogation,6.226836
mot_job,texte_chars,6.225009
mot_le,region_US,6.2143173
mot_pour,mot_que,6.141723
mot_highly,secteur_travel,6.1356153
mot_highly,texte_mots,6.0764898
mot_des,secteur_healthcare,6.06874
secteur_travel,texte_pts_exclamation,6.056324
age_a_la_vague1_j,mot_hotel,6.0525935
mot_great,mot_super,6.0393314
mot_place,texte_mots,6.0326032000000005
mot_great,secteur_wellness_fitness,6.0257244
mot_das,region_US,6.014185
has_photo,mot_recommend,6.0100813
mot_did,texte_mots,5.9593078
mot_care,texte_pts_exclamation,5.9105244
mot_best,mot_time,5.895055
mot_la,secteur_travel,5.883422
etoiles_2,texte_pts_exclamation,5.876695
mot_knowledgeable,secteur_travel,5.867916
mot_pour,texte_chars,5.8447876
mot_super,texte_longueur_moy_mot,5.8390408
mot_je,texte_chars,5.821157
mot_staff,profil_niveau_sans_avis_declare,5.8101063
age_a_la_vague1_j,langue_minoritaire_sur_la_fiche,5.80768
mot_good,texte_part_majuscules,5.8007603
mot_job,mot_super,5.784899
mot_super,reviewer_review_count,5.7750544999999995
mot_experience,texte_discordance_ton_note,5.761655
mot_et,mot_good,5.7528687
mot_day,mot_like,5.7432733
age_a_la_vague1_j,mot_des,5.7409377
etoiles_4,mot_des,5.711051
mot_est,n_avis_meme_jour_auteur,5.709566
mot_service,texte_pts_exclamation,5.7061443
mot_great,secteur_hospitality,5.6495886
mot_es,mot_trs,5.6399665
log_ratio_pic_journalier_fiche,texte_discordance_ton_note,5.614605
mot_en,texte_chars,5.6137133
mot_hotel,region_US,5.608653
mot_got,mot_je,5.592274
mot_day,reviewer_review_count,5.5776315
mot_excellent,secteur_home_services,5.5761747
langue_minoritaire_sur_la_fiche,mot_service,5.552716
etoiles_3,mot_like,5.536829
has_photo,mot_experience,5.521913
n_avis_meme_jour_auteur,texte_chars,5.507915
mot_really,profil_guide_etabli,5.505822
profil_guide_etabli,texte_longueur_moy_mot,5.5033402
mot_great,taille_mono,5.4835096
log_ratio_pic_journalier_fiche,profil_niveau_sans_avis_declare,5.4649754
mot_car,mot_est,5.4075575
mot_pour,mot_trs,5.3831687
mot_und,texte_presence_emoji,5.3596764
mot_des,texte_part_majuscules,5.3184233
mot_did,n_avis_meme_jour_auteur,5.2996187
mot_die,mot_thank,5.2823415
mot_like,texte_pts_exclamation,5.281611
mot_just,star,5.2718773
age_a_la_vague1_j,texte_presence_emoji,5.2665215
mot_place,mot_time,5.2412906
mot_car,mot_thank,5.2366104
mot_really,star,5.215294
mot_definitely,texte_longueur_moy_mot,5.1620917
mot_die,mot_friendly,5.1486597
mot_care,texte_pts_interrogation,5.147419
mot_est,secteur_healthcare,5.122392
mot_place,texte_part_majuscules,5.121418
mot_excellent,mot_je,5.106219
langue_minoritaire_sur_la_fiche,texte_longueur_moy_mot,5.08703
mot_car,mot_definitely,5.053196
mot_amazing,mot_car,5.045173
mot_nice,taille_small,5.0392814
mot_knowledgeable,secteur_wellness_fitness,5.0288043
mot_good,secteur_wellness_fitness,5.0235233
mot_definitely,mot_et,5.0185337
mot_est,mot_good,4.9933674
etoiles_2,texte_longueur_moy_mot,4.933631
mot_des,region_US,4.9301047
mot_car,mot_got,4.91934
mot_des,reponse_avant_surveillance,4.910696
mot_und,secteur_home_services,4.9067426
profil_guide_etabli,texte_discordance_ton_note,4.87735
log_ratio_pic_journalier_fiche,mot_que,4.8712435
mot_knowledgeable,mot_time,4.8588037
mot_place,taille_small,4.843459
mot_best,texte_longueur_moy_mot,4.82136817
mot_je,mot_la,4.81463
mot_es,texte_court_generique,4.7983418
mot_professional,mot_thank,4.788302
mot_je,region_US,4.7630043
profil_guide_etabli,texte_presence_emoji,4.7599983
mot_friendly,texte_chars,4.736826
mot_staff,region_US,4.7173615
mot_place,star,4.715339
age_a_la_vague1_j,mot_service,4.7038444450000005
mot_food,mot_thank,4.689813
mot_best,region_US,4.6871243
has_photo,secteur_home_services,4.681929
log_ratio_pic_journalier_fiche,mot_la,4.65763255
mot_est,secteur_food_beverage,4.6332874
langue_minoritaire_sur_la_fiche,region_US,4.6277885
mot_das,mot_en,4.6249037
mot_job,mot_staff,4.6235814
mot_le,texte_chars,4.616607
mot_est,texte_pts_exclamation,4.5984755
mot_car,mot_place,4.582654
mot_car,secteur_wellness_fitness,4.578755
mot_friendly,mot_knowledgeable,4.56065
mot_des,mot_est,4.5584345
mot_en,mot_je,4.5568423
mot_est,mot_experience,4.5475483
mot_amazing,n_avis_meme_jour_auteur,4.5474286
mot_das,mot_und,4.5426974
mot_food,reviewer_review_count,4.538437
langue_minoritaire_sur_la_fiche,mot_hotel,4.5231695
mot_best,mot_just,4.4964695
mot_super,n_avis_meme_jour_auteur,4.4755163
has_photo,mot_sehr,4.473874
mot_good,mot_thank,4.4548606
mot_place,mot_thank,4.4412823
mot_und,region_US,4.4333467
mot_place,region_US,4.4197984
mot_les,mot_nice,4.3866663
mot_job,mot_knowledgeable,4.3709874
etoiles_4,langue_minoritaire_sur_la_fiche,4.3684473
mot_place,texte_longueur_moy_mot,4.3671185999999995
mot_car,mot_helpful,4.3635116
mot_la,profil_niveau_sans_avis_declare,4.3385315
mot_work,secteur_home_services,4.3375406
mot_best,taille_small,4.307055
n_avis_meme_jour_auteur,secteur_travel,4.29181
mot_friendly,taille_mono,4.286104
mot_care,mot_experience,4.239278
mot_est,mot_excellent,4.216912
mot_knowledgeable,secteur_healthcare,4.214091
mot_experience,mot_great,4.2091603
mot_did,mot_nice,4.1889796
mot_la,mot_que,4.1808195
mot_amazing,reviewer_review_count,4.1508405
has_photo,mot_definitely,4.1483126
mot_super,texte_presence_emoji,4.146323
mot_excellent,texte_pts_exclamation,4.1322
reponse_avant_surveillance,texte_chars,4.1239123
mot_just,mot_recommend,4.1112285
langue_minoritaire_sur_la_fiche,mot_die,4.1085389
taille_mono,taille_small,4.1052384
mot_en,mot_nice,4.101295
mot_amazing,profil_guide_etabli,4.0496283
mot_die,mot_super,4.0466537
mot_amazing,mot_care,4.009121
mot_des,mot_helpful,4.005266
mot_le,texte_longueur_moy_mot,3.99401316
mot_trs,texte_chars,3.9774783
mot_knowledgeable,mot_like,3.9653845
mot_recommend,star,3.9378068
mot_just,texte_chars,3.9360385
mot_work,star,3.9249191
mot_like,mot_thank,3.9079063
mot_car,mot_did,3.9018078
mot_care,secteur_wellness_fitness,3.8894887
mot_did,mot_je,3.8871307
age_a_la_vague1_j,mot_das,3.877946
mot_service,taille_mono,3.8709302
langue_minoritaire_sur_la_fiche,texte_mots,3.854002
mot_experience,mot_sehr,3.849731
mot_die,region_US,3.8444314
mot_highly,secteur_wellness_fitness,3.8435702
mot_en,mot_le,3.8416142
etoiles_2,mot_food,3.8337154
mot_es,mot_helpful,3.8275778
mot_job,taille_mono,3.823086
mot_day,mot_thank,3.8167965
mot_der,mot_knowledgeable,3.8084774
n_avis_meme_jour_auteur,secteur_food_beverage,3.8077374
mot_good,mot_work,3.7817602
etoiles_4,mot_die,3.781697
mot_car,mot_great,3.7650461
mot_like,texte_mots,3.7602596
mot_super,mot_thank,3.760234
mot_did,mot_helpful,3.7500587
mot_good,mot_great,3.7488506
mot_good,n_avis_meme_jour_auteur,3.7238538
mot_day,mot_definitely,3.7202702
mot_experience,mot_work,3.7055964
mot_en,mot_que,3.6912437000000002
mot_das,mot_je,3.6844478
mot_super,texte_mots,3.6842832999999997
mot_experience,mot_staff,3.6830463
mot_highly,mot_pour,3.678801
has_photo,mot_super,3.676168
mot_got,texte_pts_interrogation,3.6741605
mot_great,taille_small,3.6626732
mot_good,mot_service,3.656581
etoiles_4,mot_et,3.6525133
etoiles_3,mot_place,3.6401248
has_photo,mot_excellent,3.6396122
mot_amazing,mot_professional,3.6283848
reponse_avant_surveillance,texte_pts_exclamation,3.6187873
mot_just,mot_trs,3.611808
mot_trs,texte_longueur_moy_mot,3.60441007
mot_amazing,mot_helpful,3.6005216
mot_amazing,mot_super,3.5985777
mot_helpful,mot_place,3.5903718
mot_just,mot_time,3.5705833
mot_amazing,texte_part_majuscules,3.5672746
mot_amazing,mot_hotel,3.5580747
mot_did,mot_hotel,3.5536149
log_ratio_pic_journalier_fiche,mot_est,3.5521655
log_ratio_pic_journalier_fiche,mot_das,3.5350468
mot_knowledgeable,n_avis_meme_jour_auteur,3.4918685
mot_did,mot_experience,3.4659996
mot_like,mot_service,3.4549475
mot_professional,texte_chars,3.4319634
mot_hotel,mot_professional,3.430904
has_photo,texte_part_majuscules,3.4242334
mot_food,mot_service,3.4144514
mot_place,n_avis_meme_jour_auteur,3.3958662
mot_definitely,mot_der,3.394747
mot_je,mot_nice,3.3835063
mot_est,taille_mono,3.375802
reponse_avant_surveillance,secteur_wellness_fitness,3.3731482
mot_definitely,mot_job,3.3376932
profil_niveau_sans_avis_declare,texte_mots,3.3327022
mot_like,secteur_home_services,3.325942
mot_professional,reponse_avant_surveillance,3.3160524
mot_der,mot_trs,3.30252
secteur_food_beverage,taille_small,3.298012
mot_car,mot_like,3.2917054
mot_great,mot_nice,3.291604
mot_sehr,texte_part_majuscules,3.2898903
mot_das,reviewer_review_count,3.2830358
mot_clean,mot_nice,3.2699063
mot_clean,mot_je,3.2638383
mot_staff,texte_pts_exclamation,3.2367892
age_a_la_vague1_j,mot_die,3.2354238
mot_sehr,region_US,3.2330594
mot_good,texte_presence_emoji,3.2250116
region_US,texte_discordance_ton_note,3.2217712
mot_job,taille_small,3.2179577
mot_des,taille_mono,3.2128022
mot_le,mot_und,3.2082415
mot_job,reponse_avant_surveillance,3.200243
mot_staff,texte_court_generique,3.199014
mot_et,profil_niveau_sans_avis_declare,3.1730347
mot_service,texte_mots,3.1472864
secteur_home_services,texte_pts_exclamation,3.1384826
mot_good,texte_pts_exclamation,3.1374454
mot_hotel,n_avis_meme_jour_auteur,3.1313274
mot_highly,mot_le,3.1253233
mot_professional,reviewer_review_count,3.1244597
mot_des,mot_recommend,3.1229992
mot_recommend,mot_service,3.1150951
mot_hotel,texte_part_majuscules,3.0992446
mot_des,mot_job,3.096989
secteur_healthcare,texte_mots,3.092918
mot_car,star,3.0729518
mot_das,mot_thank,3.0727358
mot_nice,mot_thank,3.0651183
mot_les,mot_que,3.0589929
mot_great,mot_work,3.0496302
mot_highly,mot_super,3.0471501
mot_car,mot_recommend,3.045176
texte_chars,texte_presence_emoji,3.0429015
mot_la,texte_presence_emoji,3.042522
mot_definitely,region_US,3.042468
mot_hotel,secteur_home_services,3.039701
mot_like,texte_longueur_moy_mot,3.014709
mot_que,mot_time,3.009314
mot_clean,mot_die,3.0074086
mot_car,mot_just,3.00606
texte_discordance_ton_note,texte_pts_exclamation,2.997902
etoiles_4,secteur_travel,2.9965925
age_a_la_vague1_j,secteur_travel,2.9885483
mot_helpful,profil_niveau_sans_avis_declare,2.9843805000000003
mot_hotel,secteur_wellness_fitness,2.9689753
mot_just,mot_le,2.9658542
mot_just,reviewer_review_count,2.9228573
mot_der,mot_est,2.915614
mot_die,mot_nice,2.9109797
mot_care,region_US,2.9097137
mot_les,profil_niveau_sans_avis_declare,2.882701
mot_je,texte_pts_interrogation,2.858509
age_a_la_vague1_j,texte_court_generique,2.8268585
mot_care,mot_es,2.811004
mot_care,profil_niveau_sans_avis_declare,2.7967138
mot_amazing,secteur_travel,2.7929325
mot_le,mot_recommend,2.7927954
mot_did,secteur_travel,2.7914371
mot_sehr,texte_pts_exclamation,2.7913053
mot_die,texte_mots,2.7891579
mot_est,texte_mots,2.7557545
mot_das,mot_good,2.7555697
mot_que,mot_recommend,2.744314
mot_et,mot_la,2.738636
mot_et,texte_presence_emoji,2.7383332
etoiles_5,mot_care,2.7026367
mot_day,region_US,2.6946716
profil_guide_etabli,texte_mots,2.667005
mot_definitely,mot_que,2.6339748
mot_definitely,mot_good,2.6001892
mot_trs,secteur_healthcare,2.5980356
mot_le,mot_sehr,2.59796
mot_der,reviewer_review_count,2.527689
mot_good,mot_je,2.5229788
mot_et,mot_super,2.5063055
mot_good,mot_really,2.4940147
mot_und,secteur_hospitality,2.4869475
mot_hotel,mot_je,2.4801066
mot_food,mot_friendly,2.4680357
mot_did,mot_die,2.4450197
mot_definitely,texte_part_majuscules,2.4291906
mot_amazing,mot_es,2.416676
mot_knowledgeable,mot_sehr,2.40727
secteur_healthcare,texte_chars,2.3753846
mot_staff,texte_mots,2.3567352
mot_good,secteur_food_beverage,2.3300169
mot_amazing,mot_definitely,2.3088703
mot_les,secteur_home_services,2.307236
mot_nice,reponse_avant_surveillance,2.3066473
mot_helpful,mot_recommend,2.3049831
mot_la,texte_part_majuscules,2.28685
mot_en,texte_part_majuscules,2.269724
mot_helpful,texte_mots,2.2673588
mot_der,texte_chars,2.2672606
secteur_food_beverage,secteur_healthcare,2.234694
mot_en,secteur_hospitality,2.23433
mot_highly,mot_time,2.1992102
mot_place,reviewer_review_count,2.1942692
mot_trs,texte_part_majuscules,2.1905704
mot_highly,mot_just,2.181606
mot_did,mot_great,2.1780577
mot_amazing,mot_like,2.1575584
mot_highly,taille_small,2.1273775
mot_friendly,mot_professional,2.0781121
mot_le,mot_que,2.0490193
mot_amazing,mot_trs,2.0466237
etoiles_3,texte_mots,2.0182543
mot_highly,mot_recommend,1.9615192
mot_trs,reviewer_review_count,1.9514241
mot_der,star,1.9076519
mot_excellent,mot_nice,1.8988924
mot_friendly,mot_nice,1.8540916
mot_day,mot_great,1.800385
mot_des,texte_pts_exclamation,1.7909125
age_a_la_vague1_j,mot_sehr,1.7202504
langue_minoritaire_sur_la_fiche,texte_chars,1.6552854
profil_niveau_sans_avis_declare,secteur_hospitality,1.5460138
age_a_la_vague1_j,mot_le,1.5255082
mot_good,mot_job,1.4618416
mot_experience,mot_good,1.456892
etoiles_4,region_US,1.418844
mot_excellent,secteur_healthcare,1.3674245
mot_le,texte_pts_exclamation,1.3399642
mot_est,profil_niveau_sans_avis_declare,1.3271093
mot_en,mot_la,1.3169119
langue_minoritaire_sur_la_fiche,mot_super,1.0552187
has_photo,texte_longueur_moy_mot,0.95684433
mot_clean,texte_chars,0.8975043
mot_et,reviewer_review_count,0.7352371200000001
log_ratio_pic_journalier_fiche,mot_en,0.617465
texte_mots,texte_pts_exclamation,0.58588505
mot_great,mot_staff,0.5530758
mot_day,texte_longueur_moy_mot,0.5277705
mot_der,texte_longueur_moy_mot,0.51505446
has_photo,secteur_wellness_fitness,0.50657845
mot_en,mot_pour,0.39098454
mot_le,texte_mots,0.3631482
secteur_hospitality,texte_longueur_moy_mot,0.31409454
mot_en,texte_longueur_moy_mot,0.19093066
