enseigne,bucket,groupe,fiches,avis,suppressions
EcoShield Pest Solutions Seattle,large,b. variante de nom de ces 4 chaines,1,6931.0,1.0
EcoShield Pest Solutions NJ,large,b. variante de nom de ces 4 chaines,1,6632.0,1.0
EcoShield Pest Solutions New York,large,b. variante de nom de ces 4 chaines,1,6170.0,9.0
EcoShield Pest Solutions Chicago Central,large,b. variante de nom de ces 4 chaines,1,5262.0,2.0
EcoShield Pest Solutions Detroit East,large,b. variante de nom de ces 4 chaines,1,4969.0,1.0
EcoShield Pest Solutions Houston,large,b. variante de nom de ces 4 chaines,1,4725.0,2.0
EcoShield Pest Solutions Chicago East,large,b. variante de nom de ces 4 chaines,1,2976.0,15.0
EcoShield Pest Solutions Los Angeles,large,b. variante de nom de ces 4 chaines,1,2104.0,1.0
Insight Pest Control,large,b. variante de nom de ces 4 chaines,1,1426.0,1.0
Bulwark Exterminating Corporate,large,b. variante de nom de ces 4 chaines,1,1191.0,12.0
Green Pest Services,small,c. autre enseigne antiparasitaire,7,13404.0,34.0
ABC Home & Commercial Services,large,c. autre enseigne antiparasitaire,18,12784.0,63.0
Active Pest Control,large,c. autre enseigne antiparasitaire,15,9664.0,50.0
Northwest Exterminating,small,c. autre enseigne antiparasitaire,3,3478.0,58.0
Solve Pest Pros,small,c. autre enseigne antiparasitaire,4,3026.0,78.0
ABC Home and Commercial Services,large,c. autre enseigne antiparasitaire,1,2177.0,10.0
JP Pest Services,small,c. autre enseigne antiparasitaire,5,1516.0,0.0
Sherrill Pest Control,small,c. autre enseigne antiparasitaire,4,1463.0,1.0
J P Pest Service,small,c. autre enseigne antiparasitaire,1,1217.0,0.0
BUGCO Pest Control Houston,small,c. autre enseigne antiparasitaire,1,990.0,1.0
Spidexx Pest Control & Termite - Louisiana,large,c. autre enseigne antiparasitaire,1,911.0,0.0
ABC Home & Commercial Services - Landscaping Department,large,c. autre enseigne antiparasitaire,1,875.0,7.0
Beebe's Pest & Termite Control,small,c. autre enseigne antiparasitaire,2,750.0,0.0
ABC Home & Commercial Services - Orlando,large,c. autre enseigne antiparasitaire,1,747.0,0.0
Alternative Earthcare Tick and Mosquito Spraying and Control Service,small,c. autre enseigne antiparasitaire,1,732.0,0.0
ABC Home & Commercial Services - Plumbing Services Department,large,c. autre enseigne antiparasitaire,1,307.0,0.0
Parker Eco Pest Control,small,c. autre enseigne antiparasitaire,2,288.0,0.0
Fenn Termite + Pest Control,small,c. autre enseigne antiparasitaire,3,281.0,0.0
BUGCO Pest Control San Antonio,small,c. autre enseigne antiparasitaire,1,261.0,0.0
Ultra Safe Pest Management,small,c. autre enseigne antiparasitaire,1,152.0,0.0
Beebe's Pest and Termite Control,small,c. autre enseigne antiparasitaire,1,76.0,0.0
BUGCO Pest Control Dallas,small,c. autre enseigne antiparasitaire,1,60.0,0.0
BUGCO Pest Control Sulphur Springs,small,c. autre enseigne antiparasitaire,1,20.0,1.0
BUGCO Pest Control The Woodlands,small,c. autre enseigne antiparasitaire,1,20.0,0.0
ABC Home&Commercial Services,large,c. autre enseigne antiparasitaire,1,14.0,0.0
Vet's Termite Control,large,c. autre enseigne antiparasitaire,1,0.0,0.0
